UserName;FullName;EmailAddress;PasswordSalt;PasswordHash;PlainTextPassword
fifue1942;Anna Marková;AnnaMarkova@cuvox.de;OZTh20NrQ6f10TfPADZzw4tAgvHvQL0tQWTQHPOqzYnPfqEYt+78g+mWZXv0YBTq8BOLw0+unp58SwcvEbTkVQ==;XPXMHro1GGD3zMSZAiYk9J80nQQrSxrYCiWeP9VRG2I=;Uochoh3zoh
thenly68;Jan Horáček;JanHoracek@gustr.com;XzIhMS4JpP58ee4iuo+Ou/BUv6+/gRH+whdUj3j8rbu2aXCyiYLp/zbE6+wL6GhDiCra8spYq/vE6n8t40x8sg==;5KrNgzYYFc6r0fJi4kooqp2NU844BmKttMFxzg0o01M=;Fahl4jai0
tortere;Lucie Pokorná;LuciePokorna@jourrapide.com;1gz4y3WmArxPy2DlZtPoyewUV2xkJ4THPN2xYg3mrMSsmqY9qy7LdP83RypUXChPUMFqmFWXlGI64AnFtFV9Ng==;9a4XHE8t5LDfpBsiQc6kEhWE9+b8yzwCcdCaX5EzPxk=;ieCh1uiy6
guld1987;Vladimír Černý;VladimirCerny@jourrapide.com;2aWr8Bk106kay2rqG3Rm1s4CPyo2uv/vKw0CflNQEjUhYcY3yOqMcrr0fND1qRpCMTK112oUgIqTTYdiEdHbCA==;FekjamPTEgpztiJwmSAPZJUR9DuIp2ydmhnUwORN8x8=;thaiDu7qu
shosilen;Radek Kafka;RadekKafka@rhyta.com;Gq9xxYzAnMIj5TWBNSRiodE9FTYJsxvxrFC4VaLbfOGsyoyxfWLWh2xvcFkfOneqIYrXqVi1XIJsgFOr+/HjsQ==;ykG0ovFzksrRrNAnPRkERvR3cAvcqMRhfLJR+WVOHmw=;mooxuc5Jai1
stindere;Marian Janča;MarianJanca@dayrep.com;0YawiM1oZp91lcoW6mcUvdKUW+BpNs9TDGd51y49DPkTRoDdl0IIfyguOqVpXfBGrCvTSx8LmGVIPfCOid9Gqg==;86A3zHBwe4npkpEiUsGZONYkK+otc/5f2FPp94Ap6r0=;Quah3leyool
puressited;Jan Nový;JanNovy@teleworm.us;C58CzFkzczGNxQkjPvWBCtcqpTn5fsL0tSfaUylU3nlCflsyMByU22u3GMt67Q0tITHFrR9XV6//IOnyfF12Bw==;pRzFpMQrWOGRX9vPlSjFo3eTbro8jMZ02o9WA12dxpw=;ku0ohShei
nessery;Rosalie Kárová;RosalieKarova@jourrapide.com;1oeTNTjUMhSMf6O7y/vlfsK7bFqL1O8Unr1+0SRdrTHzq9hkl6ahEdUyFDglGwbgaJE3V37jxwceBLtc2mNSeA==;1hvbBLPIgYPeXbiK5E+UY1s1/k+EGmmPWtfZDERBVA0=;ziKael9tai
caughly;Vendula Kopečná;VendulaKopecna@einrot.com;k+c3ycTGc0a16Xwpzna6kV9jAHHi1THqpGXot91KnQI+nu7hTbgZls5KBUh7ccJJklNls6nC58Ui9yOPjwVONg==;dZmT/SAOT7JKFkVbkdZduSZC4SQ8KJsrWtOXR7G77DE=;yeiGolo5OoQu
poccour75;Zdenka Chládková;ZdenkaChladkova@teleworm.us;mGg7LUsRwXOsZpQ1yWGveP17SrCItA+MCJX8DZWjPfeYJDdqPNPzeOoyK7rqMw7ibdx0JDeJ2+5dlLHKrQLmzw==;8Hq7VxCfZrvkBKyxxdTEXFnSFoS/oyw3FmaIByaOkXU=;ieR8ohK0ei
heacqualom;František Sedlák;FrantisekSedlak@dayrep.com;TQa5JjHviqTULiQX6k4L9/wCT3GHPBRcLwkTLIfDsNPZ/8UGoMS12DTeQhN7Im78mlEm1SJR/FwU0BrCWyiacA==;goJT8U90JYxxXXI2gxl5CXHLopUk/md10RIBaVo1gJ8=;che5eiBie
markmand;Petr ﻿Horák;PetrHorak@dayrep.com;eH4w4XIiPJvW8T7WrIHxPurcCtiIRDyYUpWqJZ5LMg8fnFh+S64m/xuk02ByouNMoU3SRNL1ZbyZUlPI92wlTA==;ekonofXiZh2c0X4sAv4Eh3GZ99/sXoP7wCOPliu5MCg=;ugiad2Lo
theareesum;Jindřich Krejčí;JindrichKrejci@armyspy.com;kWzuithDQ5WXqMXdIPzYpRVtNL1TcFFJo8Kd4SSv/UvKlRyucD/phGKTvVqbCcUkKjMaPWqRmmcbbifuAPPU6w==;/pqXadm1D4y/eernjxt9YGdHBmA2iFkFAFJZt3Sj1s4=;Keup3geT1
grem1979;Tereza Palasová;TerezaPalasova@armyspy.com;VUvgR7rSTTmeY1rUUFybbXFHfzDuIVe9RPTCd47VIBXxNUgcs7n2ZKOypsRrrWj9FEOPAhDC3it/ofXuYdwd/g==;fZg4LvhEqd7w870tnF+6pDatdqTjpYFrGNogWOwA6go=;uJoochui0ae
fromens1987;Vladimíra Němcová;VladimiraNemcova@einrot.com;RJkikxc9ZhBMCBCxja7gQoNQYwRd6DWSYv5w1cXVZPkbjl+QUwfFKkpkypyUpg/wlv42fhOtyB4rf7ZW6Hyu7A==;LiOx/29Yudc+dSpOPAWEiAplX8XU+a0YpSEVlIA+E9c=;Yoo8thi3hoo
theyel1995;Věroslav Valeš;VeroslavVales@einrot.com;w8/d9t7nO8YlG0oPZ2tm2iZ55ofuwqRYWqBDi7+1BIaaItBgkXSEeJm+8Fo1RlGT3eGWc1FljIF2SwQRZAH7kA==;GDir3nbonNXEqxn3CelLMkvGuXD65RCzAnEl8V/Ux80=;OQueiphoa7aa
gavy1953;Kateřina Žemličková;KaterinaZemlickova@cuvox.de;a4KumcGjvZspziEZ7Xu0E9+E35NYIZjniTTpIZ2TS4m2Yqn0G1NpVRPdHY1HXP7oIpBxAItoRC5OcrhUg8jDVA==;ON9CTTfjXhqF1wlLwLBYWUlBsnYklxNghs2q2oJanP4=;jaeW1eif
slisho;Vitaliy Pěnička;VitaliyPenicka@fleckens.hu;HJRtyw3v2SxHZKfNzhtocvbgKTfnndSbx2VfReLkYEkVcm2MXDf0mypvqCAEeVkrEjseODHVLKbvKZmanMxVLA==;ysdSQEZ6vyEVzqmS+cl7ZMafC/gjmY2mg2LCQi7mPd4=;iecoo9Ah
heach1981;Jaromír Adamec;JaromirAdamec@einrot.com;ohTRp947Da6W8yh+CssXX3by5MplU6GXt0Pup2NCWEVnYWTVcGl0FPyPuaoST04NzP2M3SFgsGzeUWxAClc8hA==;aLDc9HeVlE08LHLr1a6bvUYA7Q+llf8ap/em4mermRY=;baeN4Oodu4
hunme1951;Iveta Schillerová;IvetaSchillerova@superrito.com;yUrS27Uqw8p4VUnHhMUOiA57HAdvYIIBabdoCYQolxa23qz0E7f3kcl+aY6pBp+dZBZPz7VSyC3miZT5QtaweA==;GjmSBoTFIbJ1IWRu9RrMBNLp1Qd9OHemPhefINtVl8w=;ookohV8Gaec
thathers;Monika Kyselová;MonikaKyselova@gustr.com;0ofp4KEqxLt/8sRRxyy1YXThyAWOto1iv4qEoykhW0kUmqChTk6qovqhqLtaarQq1ynHbQFUtSnWx2K2BcqUAw==;2fSR/tW1bUQKV/R8GVuDLDPlYqhM9VYTd1J/jTwGq2E=;Eip5Woa3jos
nonsed1981;Pavel Tomeš;PavelTomes@jourrapide.com;LlrHkWpGcQDXyR/TbzF4QJ96LW83sWTykSyuQ2He2Ct3we33AqMwZDhtD90QfDZ5nDIakwwrm9seLh3Insr9zg==;CF44tJsrHGCM9ByS1SY/3hPTWCwLJNVbFN4BrgnaTH4=;mae9Faf6zei
martled1960;Jaroslav Barták;JaroslavBartak@dayrep.com;+bRDRApYvQ5s42Ry7e4cx9ORzYhCKiokvEU4xvGZiQPLAw2QuHMgI1IHtD4nUT7doG5MzuD7f5Jmc6SWKVNx2A==;efgqVZ2WKr1c9RfDD83xSLjK/LyRNKDu73/L9T8OTWU=;eeSheen5
jusight;Šárka Šidlová;SarkaSidlova@superrito.com;gHDRzmZ0UD1rNkIxEkHmO9SDZjpuDqwtCcRxV6lsd3hHDiO62a/tHCtiM/TOf/jPcKgjmXi0Jy655md/3HKLzw==;aPYmwOSTbbYl9w5CgYZlE4oAG5tFWJ798HpQx7ym7yg=;Aish9eit8
leng1948;Libuše Greplová;LibuseGreplova@rhyta.com;Q/Z7bgFjUAksS28nxAH3EiMpOnM7kqAp2JmslMSjqfwbJd359u84LJqssNvS5BK4f8C0zq4fTs/PTNcZvR7aag==;ElVEXwlcprxJf1oDRxeVoitb1nCj/u6hN/ND8yaknyI=;aph8OoShiey
knonts1953;Anna Štědrá;AnnaStedra@teleworm.us;gvZefOqZnU2cQULbrPUOMnCQPlf5IliLuFUxRB8EwDe19BSliDFmzi7t9j46fCtVPD3CjizbAvy17f96bQd7/w==;MsCTfFyn7ASkj8nnf4W3ya3gmsXd4laYa4WrzRdF0m8=;AiGhash9le
houlted;Anna Francová;AnnaFrancova@dayrep.com;RpwB4kTk8GRt2kvGaA537nFOMY5J06WRJHKSwrkmqtSNhneXRPK7DClJOXnMXi74feY9Cy4vHmqWRPcRpEiTog==;Gun/aNZLAt/S/ekyDtM5VKT9DtujIYq2pfzRL2Q581g=;eidaiThu1ph
vardert;Rudolf Vítek;RudolfVitek@dayrep.com;yhx9q5ndOLlYn5Z4DDF7XeTz+dt/N1dGB8ymwmvtzP3lcr3HtUpYbWsCk3uSPzJJJxTxdyIGF9265C8oRiOKeA==;vqqzvZWQ2E4RVCvymHLx/vBgRbbdfEnrL8pkGNJBVqc=;Uvae0iegh
forrong;Pavel Sýkora;PavelSykora@superrito.com;RBnqOQVqUdKBLXfyelO3oq4nrHJpItPIFnQqmXYD+MSrHeXSThuBvVDw0kYQHxiYoXI6bMo9Sph5HuxX5Vtp3w==;Nmp1roNAPlqZ27YxcPBaBiqe4GBxWXnZlV41MIxC+Fw=;thauP8de
imeneg1965;Rostislav Horký;RostislavHorky@superrito.com;T4/DbsM5hZ337AbQpR8XBrH5PxlVwUeWLrfvdBf8F5UD12wKuacwN9bo/+HFL1t0Y3LImB7w7fersF+C1etpyA==;hwqM8pXNKASGqJERNpEQKdgBExlW0mk98H0AGRdvh34=;ooxaguG9
voge1936;Marie Nesvadbová;MarieNesvadbova@einrot.com;rHMkNpNXkfR646UHKuI40VGdSS8KfnyNnQl+00dVEkfIXqYSos667icZTV/6bw9cBvZidfccJiEvYnMW1dkQwg==;3Yz2VGYLOaQduZ8A9vNkFKe5rPM4CnjR3iQd4+QqVhc=;pa2JujohPai
usle1935;Eva Teplá;EvaTepla@cuvox.de;5biQQKs/ilol52CmNikdt3CEpUMe3Kym7ihcDfDViwb053DtlF5hEqdEEMOLAEaNy0gDGv9cv8E5SH6KMR1jvA==;2nfTjp7pmM3mYzSl0IguEjHUDGc92JF04rfzJXJB7fA=;Caefai0joh
fincen;Hana Veverková;HanaVeverkova@teleworm.us;Ok1bYbN5rd4tk37g/q4XMLWn3PK9siKeb0bY32v9/8gnMnzktTbuTuovUAFgMASGPynTjSVCJUZU4U2j6zoOmA==;kWPL7g0RezVEVIPlBnY9AHz0gpMD01ES4s3x1Z+K94Y=;tiVeZee3
nincen;Denisa Ottová;DenisaOttova@dayrep.com;f2P3YbpLk7fAofCoy0IxIyThSI46klgjHVIzQSzqOM1mvvVz7Ds5mgkPQKY7PdEsVUmYAISu7WH1yXBj25eL8Q==;GhNW6eUWHJnfETJmG1KhYsySUZlKvCm67qDYiIKjGN0=;aeR0aposh
vored1976;Kateřina Janíková;KaterinaJanikova@superrito.com;BaUnUcpetm4oRmdvegYU49GTaxpw3nj9IhEYGQg6AGWYVPszSha3S2M+PD3ertacW/UNjf+sZFfGgAMsScU+Bg==;I09pMsPNrhPowWSI7dUE+XKEHKzFGC5Cb+NQDcCFLV8=;Nie7uLei7
wastoon;Olga Plachá;OlgaPlacha@rhyta.com;y/CtEQgDD4o8bjF95na22cpu/Kw5FnsSUyzbGeuypzIXpPeQ1iXHT3FqT0+FtHDC0NyttLUNL/e8KoRxOMZp8Q==;Ey5entoVNZdrBInPta9dtZCx4cjhdgiSzy4/uwbElns=;Aimoh0Baimah
wasereave;Ladislav Franěk;LadislavFranek@gustr.com;lGKvpplywevFYUwHA887gZhyaG2X8s3fDbz5V6n+jBIAl5hi7RrwIxV4WoFJlr5Ow3vQEb6NEkD1Dp87mSmi6w==;loD1BuDZx8d7MCuYHaN/UxhiQM0kDsEOki40C8PKbN8=;Caiyiec2eith
caranown;Jaroslav Kazda;JaroslavKazda@einrot.com;Nv8B4PpP8jSTSR46L58+2Le4UD2guxrRyjW4xmuzX8XCP5MECkpLV7AUesJroYgiggSfdoksXgs7TH/yl7Lu/w==;WnTyg+wPghjtbHtp7M7NS6KSH1Oh7GFeKyVhUbxy/UM=;Ohv1Eil7eiV
worseente;Vladimíra Doubravská;VladimiraDoubravska@jourrapide.com;3AzAOAZKbsQ91yYjdcf4T4Hsui8HtGoMiMMgMBJ3ZBcDEPKIr6/r5evnIcqRM+G8Rd0rJ39wh+93Jd2a2b/o0Q==;ulhhGfxpOefHTcGPrxtc2ZOXsYrWF2MSNMRoG6mIFjc=;Tait0uovoa
yestrion;Milena Konderlová;MilenaKonderlova@gustr.com;McdNzbT/ABBJule8pamnsCx79VZkaQrhNIl8Vyy3VlEGC9H+uhqajs1mcSEoEN73O8IfF027/+mlZyBg4P9yLg==;q2O+f/itQDMfgjJL1gq6sk3Eisxryxgg2G3/1RN/B5k=;oxeihu3Ai
reastill;Kateřina Marešová;KaterinaMaresova@teleworm.us;ljc9XhzGqjZ2x030Qaqhu6bFAfVX1nTJkpbO6IlEvJmo/lXz2QwfeN9K3pHsWnCaBpv5zC5T0TsTRBTfaVRiwQ==;HuxxObHf29pFU47AY1arxm2elS36rl0U8tXcfvKolUo=;poo7eQueiCa
thwitere1934;Jaroslav Kunc;JaroslavKunc@cuvox.de;Y8/wYd/RdVJtZceDFoh9YAcE/ku7htcjJKSZLBcN3CvwVZ++st+6En4a//I/QRCQPXtO1C60qgwpYhr2WxYMLw==;3o82a2rdMrTmfbH069nlJxMqnKAjO/NHEZZpI7z7cWI=;Ush4vohch
jusid1946;Tereza Zelenková;TerezaZelenkova@cuvox.de;U8GWbdGE3/6hHwN5uK0yRWA2m6RP9u4byUTD2zoLybZXNDRK7fXcaLY4wA/mtSFTZHH1m1pXNWSmdSbd10o0rg==;2gFdk3+ZQB2fj/QM6JIfqA6Rgx3WviaoMr8yQzS/FRI=;cheeThaiy0E
wints1992;Jan Greguš;JanGregus@cuvox.de;FWRRtyVHOIOxsp0CY62mbCe0y2iL8/fLoZT8/fLSsBDjSaGdXMCfMobgs92y0rkwpNNaTnVS0/S0T2QljMVIeA==;fTDVnwTkgVovPpjr6+ovTwEejb0vTP/06OtONUEZxLk=;ehamahsee8Pu
ramese82;Kristýna Hlušičková;KristynaHlusickova@jourrapide.com;ew6YDyPQvXsOyoBzvAtQXujB988r6KvspSiTrEjeXg29GsLuHpuK9EtSE82AyqXeNInUV9dPF2ahpbxa/o2+pA==;2jzMlUEC+Y/HRrTAGcIhkqoQ7ewKAQPmuToD/NcKnMs=;uc8Ewaupaig
wituractle;Miloš Vavřička;MilosVavricka@rhyta.com;rW8O4M8bKZsvGHnWVBBjdZSOr/fHhPJnbBt2wNSygsact5rDzzWw5AnId35QJTCC90jGNZC20Y9sZLEyalxrww==;Il/WBj5PDs2tgAjmpWD5CM9yfD7v7XZPiRoX85mOC3M=;ohV9Phucie
lifeatchas;Jana Šimková;JanaSimkova@superrito.com;l1WK2i8CHgGei/6pbiAkDgspOR14eXeoyY0uDtJHYjxaUKEBgVeOYRSEFZlH9lU/ymgTuluHN6FilafoH/AO3A==;OJQVn4yGplAx3U5l/4MigupCZHeD+dfanBkVZW74KX0=;aijeaXaed5
inted1933;Matouš Reichl;MatousReichl@gustr.com;Qo7fCNzwNZMWTzNvZmVrGRTCrMj0bla9ACtQB0bQui9TTHM8jglnVict7Spaqr6dopM54hgFQf0uX9Fqv5R4XQ==;MMskhKp2iCzrjwrUPIqXvI0+2cLp4NDoxmAHPsxvYjE=;oochee6eeZ1
hoste1967;Rudolf Šlechta;RudolfSlechta@cuvox.de;FHYqPOOUJUTw2L3tgxBFN52tCvRokb03LDz2ls/cPXtm15gTcVT6K9F1ew0BVbZmyTE4t8am/vdHH96dnz7yew==;SJqP6bCtBDXn+5Pv1D44razS41m44mDtsyjwhrwz+k4=;Aivi8ahm
davere1953;Petr Vojtíšek;PetrVojtisek@dayrep.com;3R7AjloHy05XVwXq0nXr0hhNbcCjdLgfOYo/bSoTo7h7HT30UhCErR3RlGQ/mIqQCS9DRkYTlipOK4HENYU6Cw==;ket9eKWP/s/WYrSFoRhoOO37CEfT1M0bjCsYDPiEhZs=;iyohmuiFae2
dortmationat1955;Václav Kubálek;VaclavKubalek@teleworm.us;8J8UvYvU7Tbp268uwXqRJOCgfz3GXUVpx2GkjlgsDc2S3nX1SDayfYtpr7bzE06njDdTm5WpE0qx6DZe7xjLXg==;JVQryZDL7I8NeqXsQBSE/QPcKlMehTjjKrIGfEP55Jo=;OChoo0dai
voked1952;Libuše Rozsívalová;LibuseRozsivalova@superrito.com;SftPHJNjLHkJEG+bqzsnYSjcuvtvVsAh4kD6/gb34jZECggnBxbISzs3DARn/yotOW7/oR18+l5ryNhJGsLwOQ==;ZSRD6KOoI5XtIYJ3UwKYciX9RIRLfu3LrrXRghffVgk=;aeph2zeeM
obbire;Jana Fiedlerová;JanaFiedlerova@einrot.com;rZP5Akv29VddlxU/7gsOSVm/EH5ruiScxPs3aseY3px4EkQWatDElRA0MUKBtkOY5TpcQz4+yvTPyOPh6crZxA==;8CftdMePtHmc6Xm/0r1KeoEnYUhskHXHBWMZu5KnBFk=;eiM2yoof
wheme1988;Jiří Březina;JiriBrezina@armyspy.com;+9Y0/Jc7sf1ag+CPXCafL7AAKgHNOSTIZ8EQR5Y304dfjL9xOVqH02a//oA0VpUQEDaiuG+niwavJyMEv+8tzA==;ol0haJBnU55OkAwAiN0YQvxG17kD9hdlDeWJY9cuZrA=;ui4thuzei1Ah
ontepairt;Martin Tkadlec;MartinTkadlec@armyspy.com;1KWnDLeMuuUjW1uuZpOrgpaf9y0ADWA5QpZ4nsuCwX/0rGC0x6jZha6jenogn+dEMfatTmqa7tAvp9mdmIzJQw==;pPs17bn/voDO2DFxtKjwzEFsKLREk3KI8DWY1e3N+8I=;diK5iz8IY
mornight;Věra Kutláková;VeraKutlakova@jourrapide.com;uMR02GnTCGR0KRGTS9jyLhvnuf+rapYM2TC5OVeL0qE2Xmu6rLy+bYpxr4BA7RbovYVyh2EcduEpxY5utXT8tw==;3jAAGVGC0Z+ibBqhqaNmmh8EkSA5igqQvTpAf2FlQr0=;jo4caideeZ
otheaked97;Miroslav Soukal;MiroslavSoukal@gustr.com;2HR7gS+AqvE5SkJrvouUlL3nCXIWi/S2m3Bg+gtZBDq1pRAR54WceYD2m0ATZCVGS3PQlpimmD6KfQ4yaRUqiQ==;oVELeBzsM6cLW92qVAuBUNriNv39YwYQBakoX2m4VUE=;uoze2Piech
frighters;Jaroslav Janda;JaroslavJanda@rhyta.com;pQbXM/cPwSK00wLKeeMRQcp+htcsb8zc0DBb1Jp06pWNlUMX6VSg6r6csw2A+ODJEduwoEhZWB2SIu4Hn+H5bQ==;ZEWV81TdV8WGV2m/L68h9AKRAT+W9mexBPq7C4+F23s=;Xi4eephe9Ai
mageept1976;Josef Václavek;JosefVaclavek@einrot.com;gWiWScZG9hy+95oNVn5SPBC58uRb/zz2js+gAwBAmn1CKzz4WhzLVagbrftdg/FSsiprxrcon+wbi0NlZf0lzg==;PggMu7CtHwyLQax6kmn5xWw0wy/+K57W9nM9kucCzJo=;iifahd9aeM8qu
herradis;Lenka Vaňková;LenkaVankova@jourrapide.com;MJ/0nhA/dC8aBeRpvGkm11xxmmTmf6gtg/FKXDk6YIVB5Hbdzgc3G27u/g+mkdO7kjaBajwYQtolR/kV+rt4ug==;3kTO7Uak9BbuF/5hMZswvgikVcNEUUug1J7gqF9elWI=;Iechee2tae
imsess;Denisa Štolbová;DenisaStolbova@cuvox.de;hQvFcT4LgwVeRwwAoHNsGV7zTC9//lI0GM2RmvmWYdNr/b78hcsRAwZ/7HfrphFmoaUd/q7KygiwFFNW8ZMM7g==;2obgHb8bdWDjkBgPp7Rs1RFyhDw50LDdYu8uzhxnn4E=;chotie1Bai
maingenced;Věra Vacková;VeraVackova@jourrapide.com;Zas9xWzFMa4C0ubrf86+T4PfqDWawlOx6Ao1SQJ7oKpV1288C3MjTLMmjJ2j2rc0YxvpJzw0G4vmdcZgCa7IyQ==;lcu0Yn+oHWamOPIH4MPQRJus2DIWIjEPLPY05t+ntHc=;Eeceiphee1h
lacir1991;Roman Hudec;RomanHudec@superrito.com;93EMI43WX0X1rG/lm+R3L8UI/8DDkEs0AWboeo42MbwEdTGyWorL8IG3For9kB1nIFCQ+ccRxKIxRTMeg4Rowg==;vZ9eB8JRS0PSAE+5mzYDqvEWXyya7i5ipff7deE4eGU=;Maxu3Veed8c
pastachis;Barbora Šťastná;BarboraStastna@armyspy.com;vcAZUgi07CSs0o+EUF67BfuD0VT0PmjUPckXz3yrOWCicvmSq5Gpv8KSrebEI/I7Wywy4e9ppO6btxjlNJq1mw==;cZggn9aDFnEwCDt0NRw0iaYfFMRAy3YQtAsmM84MdbQ=;oJaih2Woo
shiclus;Pavel Bartoš;PavelBartos@einrot.com;A+Bfs3YRiKZf7uJ/xYFK5fO7+NakLoHmcTX2wYqO4p2GypsMksXCztwXA+uk/AO+aD/r0c9TvI/ogH+G+36DPQ==;Cn2DbgTq9nzMpX+Xrhb9QMpo/n3si6/xkteVr/n8vaQ=;Aa5wuothoo
theall;Jitka Šarišská;JitkaSarisska@jourrapide.com;wkCI4SMXO9npnyhQpWcFeApdI/SpbRxpTlsB1RMgP+AhKbqUbhDnAzIFhSp+m9rUgN95XTPq5nlpG2OU5Mnd6A==;iqyMW06OunTVBW3aMPEwd9vczrYz7uUXRIeGSFy8lxg=;Goowee4ae
humodys;Julie Toufarová;JulieToufarova@jourrapide.com;si1b7CtFFzCsgmk8IXyEknevWGdlbYbCm8+xdppTI3s7B9USPeBUzI45rA9SmDBoolzNVl51vGh7BOQqAUAFvw==;HRTnqUVZAVO2C4P700Ystad4/MT1prI/xUxOLxrVz/Q=;zeey4Ulai
beetwought;Roman Novák;RomanNovak@teleworm.us;KaE59y9aT9OfWPkmXaAdj/4WdgPXb5AArCwa7HAjxCR0lKFQOTuQE3MNmWp2yfM+GDE0dD6O7sjOwssvZ7cgiw==;JePzhgBBk1RnPVxwmtnK+sOf0kY8UYhTGUiJDE21Fsg=;Eyihai4si
tabut1951;Milan Borkovec;MilanBorkovec@cuvox.de;XBl5jT2AivoOv+R8jhjpT5f9ZotcO6YNOzkzw/QPz9yr31QAySXTyOWIPsT3LYt+9Kgk8/ibBLKcLHksodKWLA==;1NV2642cDICHEmcJ1R8AL5/udOAZHM6AQg4/dZUWDkM=;EiN2ahj5th
ablets93;Daniel Jurák;DanielJurak@dayrep.com;r/1ks/AkLIk+8l9GaBLSK6U/ccFI22uoFLvDpWsqzB5tz6XCaiFdo4K/pCrrTazJTjpVxrn5g2ykrrEStQB1Bw==;q3yiw38R6FGY8K0LKOfz8Uatz+CiF7eKlWUWNM/WzLE=;Weisi7jei
caboys;Jaroslav Berger;JaroslavBerger@armyspy.com;eUJJTaMt3SM4MJd1coxd1Zut41Rv7BpAIYh6Hi3kKppCYIheiVk7KZVRi9l2TJUQIXDGD8d19JKEyfQurMjnUA==;hDdHlMU6DlahfJosncjq+i7ErvIS8XUHSs5ZsuylbCQ=;Shie8Se6
wherestants;Jaroslava Kocurková;JaroslavaKocurkova@jourrapide.com;tGulc+7DqAuOI870rWP8d2IFeF70nSeRqH6Y4NX1GvX96adiCeTczb6SIvxgBTJenHo+rb0E+CCoLxMQgbKtRQ==;7ITPwUZiKo+ffNtzfObbruuUXwaqWw2roqG2ZQTrUIE=;reeJo1choeb
flooked;Pavel Matějka;PavelMatejka@armyspy.com;XgpMsjCreZ27WNa41wPi1vpl6To6PNbY8t8IUC6vaY9dmKaZD9yGZwhlzFMbO6ir00bj0EliaoNYaoKZsKH/ig==;Q1WmVKNIQgPyPVFPUXa05DqAXUvMxQEn1pz+KrZONvg=;eiD5Far1oTh
weepame;Marcel Schneider;MarcelSchneider@superrito.com;oNMnNswh+T5wNKj0k9e/FHBlpfh9ropF+TS4RyPTQ+YzLew7tnHYkVGJk6Sl3yvOuMQ4DwsEiE25yT/ntlLB3g==;MIYezp+KyMHo6PIX5Ty0eSF9xjyB07nH8iGUFE1lWAg=;ChaeVa0Hoo
himmost;František Souček;FrantisekSoucek@armyspy.com;EJZL3esm+Bl8R71Fkv8ln4FGlPZzRFa88vErKXiEPznGIQoLaaUrAeOQHgg5P83ENmL9Q8WAXEniz9EcQi2R4A==;al3XE7SaeIRY33PIGebFitOjX0AODESN1OSMSmJ/Qgw=;uM3obah4sh
theen1961;Ivan Bílek;IvanBilek@dayrep.com;yrsXW+A9nI1fYeGumtZ41v4TUSJhW6Is++/CBlTVZGDDVM4zvh8lTuvvQ2WWk1Ez6bRF8arrW4CjvHdPGJT+Rw==;0ZdHGtqm98HLnCHhR0yn5/ICuEOvKibE8ODSsjnCKqE=;ooBai0osh0
onswis58;Vlastimil Hájek;VlastimilHajek@cuvox.de;JGlO31mFqAPuB18VUHjRJLWSoR5x+RLQsQQyU4BjEMOpk6rtCC2d3B8dL6moJRclkKHpcl5xXvnUg69XTUevMQ==;G/2t5paHQCe52b3zlrwxST1fWlxazPhOWAeD0SxM8k4=;bu5Shohfai
deme1949;Libuše Havlíčková;LibuseHavlickova@rhyta.com;sIKK1cbaLxCt1J8fE5z91Lxu0px91nZdppo4q2yaaa0dlff9pkBhmQRFp/Ls3a82BArEBlJiXuuS7s5FC4osEQ==;SwY6Z5RZXmna/dOGVoxYF4fC4tS1grcNM8saR9PavKI=;aiwi3Ieph
drel1975;Růžena Škutová;RuzenaSkutova@superrito.com;8hoHheoAtrLCcQO1HsibLrrRQSkzU71e0s8oz3HDCJ9PSh3qMJdaACOrq8Iq0y+7ckWHrwAm+WByemiBHZiUAQ==;bkQk8igbaCQ7iisVVg+Ph8W91hMDnPDm0rqS8EsHGoQ=;Choongi0
aidell;René Křenek;ReneKrenek@jourrapide.com;1fHF2QWMhFACDw1/xaYXPmli2Nd48kKDNikO3stMvK1mO7YwRgeAmoQy/x5XRF8pX7YhrDR0UWZ6UWREPvSkOg==;nipdAjTOKtCM4Yi+d4PCek8SoU5WQ5kIgnCf17GCAHQ=;Xou7eghah
leory1952;Karolína Wildová;KarolinaWildova@cuvox.de;IPp3WtONCyl6OfiMRN2fmh5QQOf1Z+UhyqHfZqvhBI+Sk/erGgBfpa6s7hT00BJ57ivwu5FxwaI68Psic90vcg==;d5sojys9wocaHfVwMXqkzx5exp0Vh7zqZRCH7anj1TQ=;aagh6Ue6eo1
forivento;Bedřiška Langhammerová;BedriskaLanghammerova@jourrapide.com;HHbkHhRTBBkdBBNNSRZ4mF/jSF+kvMoIssap7e2ADQrbWcE/W9Ae7l86Z2ZEQQ1a43wGEOrwMtMrUvPsCBVWDw==;x/myvpW3bnk866FYtXicSavcl7z+7f8nfCNrfmmvgSc=;auNai1zaiqu
wharleas;Jana Zelenková;JanaZelenkova@gustr.com;Y9sf63TswNlHLrtOhSGiXhSEUeQDscXFdepDFVh4R9K977qQ/CGoXSZYCMVlj3iCV8J1d/OS7HBCLLuk7WE0mg==;MQ80MXShVr6AuqaxgJ7RhKIyhwsryyz1T8k2/EhxMbE=;zahj6ko2G
sating;Viliam Moravec;ViliamMoravec@jourrapide.com;6FdmOuNQYkTPILhU3s01zDT1XIrOA+81ToeXUeeeuOiSvq9/RKLKgzQSJWnEM2CNkFJdstUGDBF2MLZHYcMKNg==;jtIiGj/MhHYZSWPmChb9As23LjMvMofIMZrd4+BV6uA=;haemie5Bai
clet1972;Martin Kunc;MartinKunc@cuvox.de;9NjghjHZS9em/XrARj82sBwpzWznxMqMJSl/i4O/6fmkDnr54r1NkXlYbbQma0/hXnQlxPECi/6mIx7sQO8eWw==;Ch9/Sj2FGMULQZ7vmUR6qR3AN/tO7xtj00vJ75uhp0E=;AM7kae4da
harince;Daniela Drbohlavová;DanielaDrbohlavova@fleckens.hu;j3VFmZdJ8rB7aaGtvd0AsRialQ2EYd9wOGPxXO4O50KvS5it5MVpBSdpvekPIuPEB2yIc0upmXYYgyww9sPZxw==;bsJyz4kI2MdZYN3ZTqp2dTaO2hzsFqWkkUzAuFKb56g=;eechai8Noh
topectepech;Dana Jurajdová;DanaJurajdova@gustr.com;qP/005pfoc6Mmf9SagqyJCPIaaS7Yy2klya7qxOMsa+C7C0RCTjSZXy3/IiYOEWmSzMs+J+x1CYejMcGrwN7gw==;IhN7n6/DJ6a7EGIC5Q1KdcsxjkIW/ZLT66nFOnjU2q8=;eisiTai4
shice1963;Jiří Novák;JiriNovak@teleworm.us;jYstXL+Ny4tYIn1qqMoXPi36lHb14zwGvB9D1Wd7rCWNaUomHFOAAqtjAWnCZZBUUdw8WOe3S38C/nCVS6TX/A==;mnhwoVmVkX2BcNsV8M2hqlTd/O0uWbf8LNBTJqQnhh0=;Ooraef8cu
hatuared;Miluše Holíková;MiluseHolikova@armyspy.com;8hrF0kPRkidH3Bjz7HItzdLraowz77hw7pAIpUbEV7my8QDShsZCf/uhQtgjRoZAO5eopVwPF4dhDdZxrGsfzQ==;cIYOqJlq7C4mByxLDI39H8KtzFDrTlvd3YXsr3Bg8cY=;seeT7taiV
yourprom;Zdeněk ﻿Svoboda;ZdenekSvoboda@cuvox.de;LR60Lxp2xWeFCoxqxdk/pguUfxBG9UEZkFBPEVTJ0WgqtX3Te4Np0ZdYICAGGLB8hNYHi7eKR6xUQCDZVk12fQ==;BnlSX3GGPBx1E3q5TO9VmfZSxmc1SjaaDWiGTEFy5SE=;IeSuu7aek4
engropose;Tomáš Karlíček;TomasKarlicek@dayrep.com;ewf40HmsNwMQmqWAcvt8u61yJSxRojAQFQri0dDPygFD6Al0dHwtzVqJSvgtvPHdi1oBds1hsReUawCoukECzA==;FNPxQRQfH/kDo/S7p1ZqpKlhm8zXh9K4ZXoPnJZKDqE=;Rah8eeXus
shorce;Anna Rousková;AnnaRouskova@einrot.com;QWySh8acGZkeAT5C40/l+tBj0bO0q5wsli9zhyRgEXwzxu2MSyK3YG2KVht+bSOsDZvWV4bRQVgwxCMrySYxQQ==;NGT4AnKefV/jeGpuoxcw/6yHRPVcn5LNwl6JvNoegzo=;Hoh4doh2yon
friess;Svatava Koubková;SvatavaKoubkova@fleckens.hu;homIvUrtZHGmN81Bk90NePXnE7txiBMqBL0FtuuDmnuUzhAj8Mr9KrhzvejNAxRSO+hxKp3xdaJ07Uuzu+xVVw==;h4h73wgWI4gqz2Kk3kXRMTCy9jNpMwIHBGBrVDfmtIg=;Fohnic2IoZ
toopece;Jiří Fojtík;JiriFojtik@superrito.com;SaQNrFzdyHdoo3hrszl1IuzVgbyhhTEN2Y/bd2mrmtTaX4MncIXbiOYqI7fqSToUnlirK6WOeMdZpSrvwYzuJg==;msUqk4HMipy8oIqPcPAh30mysoPFD8k6117wfHCSk+A=;sievoo7Jies
seneiver;Michal Slíva;MichalSliva@cuvox.de;GbW5rQGTbXJ51m1d5sz2qHCYtAdB6yaQHZeoVPhgHnSESCogb9d5I5yqV7TwOXU7+WF5HUeUA7ArI70NR9nVlw==;g2fBHQ5eqY/nflDHleioTyGZWn8p+96f2lY9RxLIw3E=;mei4We4De
deng1962;Natálie Kašparová;NatalieKasparova@jourrapide.com;oLHGsiRCdQ4cm0AX8IRSMNGNyyQQ0YfNxwHlLHFZu8NCE0lWIx+t1FqgW3KiDmkyXtIVEdJ6JHM2DGEOXSovwQ==;iZvrPycmuisB/FXLgaLWjKXfw5IH5ZoGjjxhy740N9w=;ahDa3kung5
pegreare93;Vladimír Pavlišta;VladimirPavlista@superrito.com;tNc4dMiQQKdx1ZcJdCwM1SalEQGUkZ+Any7LAnuvDSdzcp8g2z0L0ZugeH3dax4X9fK9/XOGrSHxa5DYuia3VQ==;oBTSuZubr4mBsycYPR90ysc9CgTplvoA21LpHyG5gNk=;zuPh7ooYai
againgly;Aleš Hrabec;AlesHrabec@gustr.com;U+kUMzJ42jFPL7MR5aUbdpfLhKL5cuiyHCCck1qFEct+Cd/cTg71iY7zYWfSTjuB5Sg5h6OvuBQxgwvsOTAzkA==;LdRL4oFOeDh8/E3PLIsgsAdlK0hEhH3XhnOK5CHbkJk=;phouTie0ahGoo
lowl1938;Jan Klus;JanKlus@fleckens.hu;fvIGq5WgJkParNYoMikC8SFk2mId+5tQez3xwClZqgR1oA7Jjhwov/KoR9pvgWuUBytb716O4Dep/98r3YCLFw==;BPdJEnfuS3V3sWrkqnC2or0aqFwhMCgRqtZLJjRr1G8=;ha3Gohqu
recaut1931;Petra Wagnerová;PetraWagnerova@einrot.com;G9uuA1N5oPdj4fgCmtGZ5e9/zUUSVxofHIoA7h49bCzSoO0XrpWzxm5ycPx+MAqCHF+T7anBze3jrOk6fUe/qw==;a41Q1oZuBRq/X8CMH3GTyhR5k4lpOpqe3oJGMlHv+l8=;cha2Iamoo
